<?xml version="1.0" encoding="UTF-8"?>
<DEFECTS>
  <DEFECT>
    <SFA>
      <FILEPATH>C:\Users\kyle\OneDrive\Documents\Visual Studio 2019\Visual Studio Projects\Maze Game\</FILEPATH>
      <FILENAME>Maze Game.cpp</FILENAME>
      <LINE>7</LINE>
      <COLUMN>9</COLUMN>
    </SFA>
    <DEFECTCODE>6031</DEFECTCODE>
    <DESCRIPTION>Return value ignored: '_setmode'.</DESCRIPTION>
    <FUNCTION>main</FUNCTION>
    <DECORATED>main</DECORATED>
    <FUNCLINE>5</FUNCLINE>
    <PATH></PATH>
  </DEFECT>
  <DEFECT>
    <SFA>
      <FILEPATH>C:\Users\kyle\OneDrive\Documents\Visual Studio 2019\Visual Studio Projects\Maze Game\</FILEPATH>
      <FILENAME>Maze Game.cpp</FILENAME>
      <LINE>391</LINE>
      <COLUMN>7</COLUMN>
    </SFA>
    <DEFECTCODE>6031</DEFECTCODE>
    <DESCRIPTION>Return value ignored: '_getch'.</DESCRIPTION>
    <FUNCTION>instructions</FUNCTION>
    <DECORATED>?instructions@@YAXXZ</DECORATED>
    <FUNCLINE>379</FUNCLINE>
    <PATH></PATH>
  </DEFECT>
</DEFECTS>